Tag,Asin,Sku,Size,Current Deal Price
SS4,B0DDR4HJCS,SS-SATIN-BABY-BLUE-FULL-4PCS,FULL,$25.76
SS4,B0DDR6MK7V,SS-SATIN-BABY-BLUE-KING-4PCS,KING,$29.36
SS4,B0DDR28N8X,SS-SATIN-BLUE-FULL-4PCS,FULL,$29.94
SS4,B0DDRBX7CN,SS-SATIN-BLUE-KING-4PCS,KING,$29.36
SS4,B0DDRNW3GF,SS-SATIN-BLUE-QUEEN-4PCS,QUEEN,$27.56
SS4,B0DDR3QB2L,SS-SATIN-BLUE-TWIN-3PCS,TWIN,$27.94
SS4,B0DDR6TLF6,SS-SATIN-BLUSH-PINK-FULL-4PCS,FULL,$22.44
SS4,B0DDR4T2Y6,SS-SATIN-BLUSH-PINK-KING-4PCS,KING,$29.36
SS4,B0DDR1H4YM,SS-SATIN-BLUSH-PINK-QUEEN-4PCS,QUEEN,$27.56
SS4,B0DDRM24KV,SS-SATIN-BLUSH-PINK-TWIN-3PCS,TWIN,$23.96
SS4,B0DDQQ83Y4,SS-SATIN-BURNT-ORANGE-FULL-4PCS,FULL,$25.76
SS4,B0DDRL4WTJ,SS-SATIN-BURNT-ORANGE-KING-4PCS,KING,$29.36
SS4,B0DDRB8PG4,SS-SATIN-BURNT-ORANGE-QUEEN-4PCS,QUEEN,$27.56
SS4,B0DDRF485L,SS-SATIN-BURNT-ORANGE-TWIN-3PCS,TWIN,$23.95
SS4,B0DDR5CHW7,SS-SATIN-CHAMPAGNE-FULL-4PCS,FULL,$22.44
SS4,B0DDRB7NTZ,SS-SATIN-CHAMPAGNE-KING-4PCS,KING,$29.36
SS4,B0DDR1YLCM,SS-SATIN-CHAMPAGNE-QUEEN-4PCS,QUEEN,$28.86
SS4,B0DDR96RQ3,SS-SATIN-CHAMPAGNE-TWIN-3PCS,TWIN,$25.46
SS4,B0DDRD3S48,SS-SATIN-DARK-GREEN-FULL-4PCS,FULL,$25.76
SS4,B0DDR6921L,SS-SATIN-DARK-GREEN-KING-4PCS,KING,$28.41
SS4,B0DDRGZYZD,SS-SATIN-DARK-GREEN-QUEEN-4PCS,QUEEN,$27.56
SS4,B0DDRDWVK1,SS-SATIN-DARK-GREEN-TWIN-3PCS,TWIN,$27.94
SS4,B0DDR6LYLX,SS-SATIN-GOLD-FULL-4PCS,FULL,$20.45
SS4,B0DDR5JMCH,SS-SATIN-GOLD-KING-4PCS,KING,$27.56
SS4,B0DDRHPKDV,SS-SATIN-GOLD-QUEEN-4PCS,QUEEN,$27.56
SS4,B0DDR15FTY,SS-SATIN-GOLD-TWIN-3PCS,TWIN,$27.94
SS4,B0DDQX793B,SS-SATIN-GREY-FULL-4PCS,FULL,$25.76
SS4,B0DDQXM4RF,SS-SATIN-GREY-KING-4PCS,KING,$29.36
SS4,B0DDRDYFFX,SS-SATIN-GREY-TWIN-3PCS,TWIN,$23.96
SS4,B0DDRNZ8YM,SS-SATIN-IVORY-FULL-4PCS,FULL,$28.76
SS4,B0DDR5QBGQ,SS-SATIN-IVORY-KING-4PCS,KING,$29.36
SS4,B0DDRHN5JH,SS-SATIN-IVORY-QUEEN-4PCS,QUEEN,$27.56
SS4,B0DDR4QMK1,SS-SATIN-IVORY-TWIN-3PCS,TWIN,$26.96
SS4,B0DDRFR2FS,SS-SATIN-LAVENDER-FULL-4PCS,FULL,$25.76
SS4,B0DDRFLD2F,SS-SATIN-LAVENDER-KING-4PCS,KING,$29.36
SS4,B0DDRHLV1C,SS-SATIN-LAVENDER-QUEEN-4PCS,QUEEN,$27.56
SS4,B0DDR3SX2D,SS-SATIN-LAVENDER-TWIN-3PCS,TWIN,$25.46
SS4,B0DDRF88H4,SS-SATIN-NAVY-BLUE-FULL-4PCS,FULL,$27.56
SS4,B0DDR5K4JT,SS-SATIN-NAVY-BLUE-KING-4PCS,KING,$27.56
SS4,B0DDRH9RD7,SS-SATIN-NAVY-BLUE-QUEEN-4PCS,QUEEN,$27.56
SS4,B0DDR95C35,SS-SATIN-NAVY-BLUE-TWIN-3PCS,TWIN,$25.76
SS4,B0DDQZG4MQ,SS-SATIN-PINK-FULL-4PCS,FULL,$25.76
SS4,B0DDQQB8VY,SS-SATIN-PINK-KING-4PCS,KING,$23.96
SS4,B0DDRBTG9J,SS-SATIN-PINK-QUEEN-4PCS,QUEEN,$27.56
SS4,B0DDRC2CDX,SS-SATIN-PINK-TWIN-3PCS,TWIN,$23.96
SS4,B0DDRB21Z6,SS-SATIN-PURPLE-FULL-4PCS,FULL,$25.76
SS4,B0DDRCQZ7G,SS-SATIN-PURPLE-KING-4PCS,KING,$29.36
SS4,B0DDR4FVH1,SS-SATIN-PURPLE-QUEEN-4PCS,QUEEN,$27.56
SS4,B0DDRFSGVJ,SS-SATIN-PURPLE-TWIN-3PCS,TWIN,$23.96
SS4,B0DDRCZN9J,SS-SATIN-RED-FULL-4PCS,FULL,$28.94
SS4,B0DDRP3R3F,SS-SATIN-RED-KING-4PCS,KING,$29.36
SS4,B0DDQTZWY6,SS-SATIN-RED-TWIN-3PCS,TWIN,$23.96
SS4,B0DDRNYF9Q,SS-SATIN-ROSEWOOD-FULL-4PCS,FULL,$25.76
SS4,B0DDRM5YW5,SS-SATIN-ROSEWOOD-KING-4PCS,KING,$29.36
SS4,B0DDR6TLDV,SS-SATIN-ROSEWOOD-TWIN-3PCS,TWIN,$25.76
SS4,B0DDRF2M6S,SS-SATIN-SAGE-GREEN-FULL-4PCS,FULL,$22.44
SS4,B0DDRFDBSP,SS-SATIN-SAGE-GREEN-KING-4PCS,KING,$22.44
SS4,B0DDR5K4KK,SS-SATIN-SAGE-GREEN-QUEEN-4PCS,QUEEN,$22.44
SS4,B0DDR154D4,SS-SATIN-SAGE-GREEN-TWIN-3PCS,TWIN,$26.94
SS4,B0DDRDR4F8,SS-SATIN-SEA-TEAL-FULL-4PCS,FULL,$25.76
SS4,B0DDRL7H2W,SS-SATIN-SEA-TEAL-KING-4PCS,KING,$29.36
SS4,B0DDR2CP9X,SS-SATIN-SEA-TEAL-TWIN-3PCS,TWIN,$25.75
SS4,B0DDR97FTJ,SS-SATIN-STONE-GREY-FULL-4PCS,FULL,$25.76
SS4,B0DDR1ZPRZ,SS-SATIN-STONE-GREY-KING-4PCS,KING,$29.36
SS4,B0DDQVBL24,SS-SATIN-STONE-GREY-TWIN-3PCS,TWIN,$23.96
SS4,B0DDR3RYKF,SS-SATIN-STRIPED-BLACK-TWIN-3PCS,TWIN,$25.76
SS4,B0DDQX8257,SS-SATIN-STRIPED-BLUE-FULL-4PCS,FULL,$27.16
SS4,B0DDR3M171,SS-SATIN-STRIPED-BLUE-QUEEN-4PCS,QUEEN,$30.56
SS4,B0DDR9XL62,SS-SATIN-STRIPED-BLUE-TWIN-3PCS,TWIN,$23.96
SS4,B0DDR7G7Z8,SS-SATIN-STRIPED-GOLD-FULL-4PCS,FULL,$27.16
SS4,B0DDQXKZK7,SS-SATIN-STRIPED-GOLD-KING-4PCS,KING,$32.94
SS4,B0DDRB21ZG,SS-SATIN-STRIPED-GOLD-QUEEN-4PCS,QUEEN,$27.55
SS4,B0DDR85DVM,SS-SATIN-STRIPED-GOLD-TWIN-3PCS,TWIN,$27.16
SS4,B0DDRKF8FG,SS-SATIN-STRIPED-GREY-FULL-4PCS,FULL,$25.76
SS4,B0DDRHYXFM,SS-SATIN-STRIPED-GREY-KING-4PCS,KING,$29.36
SS4,B0DDRKHNWQ,SS-SATIN-STRIPED-GREY-TWIN-3PCS,TWIN,$29.71
SS4,B0DDRKMZ6G,SS-SATIN-STRIPED-PINK-FULL-4PCS,FULL,$25.76
SS4,B0DDRKQYDW,SS-SATIN-STRIPED-PINK-KING-4PCS,KING,$33.96
SS4,B0DDR3WWT1,SS-SATIN-STRIPED-PINK-QUEEN-4PCS,QUEEN,$31.94
SS4,B0DDQX418B,SS-SATIN-STRIPED-PINK-TWIN-3PCS,TWIN,$23.96
SS4,B0DDQXMHHQ,SS-SATIN-STRIPED-PURPLE-FULL-4PCS,FULL,$25.76
SS4,B0DDR9L9TF,SS-SATIN-STRIPED-PURPLE-TWIN-3PCS,TWIN,$27.16
SS4,B0DDR9TM21,SS-SATIN-STRIPED-RED-FULL-4PCS,FULL,$29.94
SS4,B0DDRDMJCT,SS-SATIN-STRIPED-RED-KING-4PCS,KING,$29.36
SS4,B0DDR852CS,SS-SATIN-STRIPED-RED-QUEEN-4PCS,QUEEN,$22.44
SS4,B0DDR9XL5R,SS-SATIN-STRIPED-RED-TWIN-3PCS,TWIN,$29.71
SS4,B0DDR4D9HP,SS-SATIN-STRIPED-WHITE-KING-4PCS,KING,$22.44
SS4,B0DDR1X5B9,SS-SATIN-STRIPED-WHITE-QUEEN-4PCS,QUEEN,$31.94
SS4,B0DDR95PQM,SS-SATIN-STRIPED-WHITE-TWIN-3PCS,TWIN,$29.71
SS4,B0DDR6G4WJ,SS-SATIN-TAUPE-FULL-4PCS,FULL,$22.44
SS4,B0DDRF1Z4N,SS-SATIN-TAUPE-KING-4PCS,KING,$29.36
SS4,B0DDR4V4XB,SS-SATIN-TAUPE-QUEEN-4PCS,QUEEN,$30.94
SS4,B0DDR7SDNH,SS-SATIN-TAUPE-TWIN-3PCS,TWIN,$27.94
SS4,B0DDRH7S7L,SS-SATIN-WHITE-FULL-4PCS,FULL,$25.76
SS4,B0DDQZ6VT4,SS-SATIN-WHITE-KING-4PCS,KING,$22.45
SS4,B0DDQTZ8NT,SS-SATIN-WHITE-TWIN-3PCS,TWIN,$23.96
